Customer Name,Recency,Frequency,Monetary,R,F,M,Segment
Aaron Bergman,416,3,886.156,1,1,1,Lost
Aaron Hawkins,13,7,1744.7,3,2,2,At-Risk
Aaron Smayling,89,7,3050.692,2,2,2,At-Risk
Adam Bellavance,55,8,7755.62,2,3,3,Champions
Adam Hart,35,10,3250.337,3,3,3,Champions
Adam Shillingsburg,29,9,3255.31,3,3,3,Champions
Adrian Barton,42,10,14473.570999999998,3,3,3,Champions
Adrian Hane,61,7,1735.5140000000001,2,2,2,At-Risk
Adrian Shami,42,2,58.82,3,1,1,At-Risk
Aimee Bixby,42,5,966.71,3,1,1,At-Risk
Alan Barnes,26,8,1113.838,3,3,1,At-Risk
Alan Dominguez,30,8,6106.88,3,3,3,Champions
Alan Haines,56,4,1587.452,2,1,2,At-Risk
Alan Hwang,7,9,4805.344,3,3,3,Champions
Alan Schoenberger,23,5,4260.784,3,1,3,At-Risk
Alan Shonely,193,7,584.6080000000001,1,2,1,Lost
Alejandro Ballentine,167,9,914.5319999999999,1,3,1,At-Risk
Alejandro Grove,279,5,2582.898,1,1,2,Lost
Alejandro Savely,20,6,3214.236,3,2,3,Champions
Aleksandra Gannaway,119,4,367.548,2,1,1,Lost
Alex Avila,185,5,5563.56,1,1,3,At-Risk
Alex Grayson,9,5,660.972,3,1,1,At-Risk
Alex Russell,112,4,1055.694,2,1,1,Lost
Alice McCarthy,29,5,814.012,3,1,1,At-Risk
Allen Armold,20,9,1056.39,3,3,1,At-Risk
Allen Goldenen,115,5,200.945,2,1,1,Lost
Allen Rosenblatt,126,5,2236.128,1,1,2,Lost
Alyssa Crouse,233,3,925.8,1,1,1,Lost
Alyssa Tate,22,6,1171.814,3,2,1,At-Risk
Amy Cox,12,7,5527.846,3,2,3,Champions
Amy Hunt,231,5,2495.3916,1,1,2,Lost
Andrew Allen,260,4,1790.5120000000002,1,1,2,Lost
Andrew Gjertsen,79,8,2356.855,2,3,2,At-Risk
Andrew Roberts,15,5,264.86400000000003,3,1,1,At-Risk
Andy Gerbode,846,4,1455.038,1,1,1,Lost
Andy Reiter,7,6,6608.448,3,2,3,Champions
Andy Yotov,15,4,497.014,3,1,1,At-Risk
Anemone Ratner,535,1,88.15,1,1,1,Lost
Angele Hood,22,4,738.504,3,1,1,At-Risk
Ann Blume,51,4,1515.862,2,1,2,At-Risk
Ann Chong,7,5,2537.6859999999997,3,1,2,At-Risk
Ann Steele,93,7,833.398,2,2,1,At-Risk
Anna Andreadi,56,6,5086.9349999999995,2,2,3,At-Risk
Anna Chung,283,5,657.316,1,1,1,Lost
Anna Gayman,98,7,3489.0396000000005,2,2,3,At-Risk
Anna Häberlin,411,12,7888.294,1,3,3,At-Risk
Anne McFarland,163,8,5664.022,1,3,3,At-Risk
Anne Pryor,42,8,1638.554,3,3,2,Champions
Annie Thurman,14,10,3831.864,3,3,3,Champions
Annie Zypern,161,6,1622.0179999999998,1,2,2,At-Risk
Anthony Garverick,78,4,170.584,2,1,1,Lost
Anthony Jacobs,76,7,4867.344,2,2,3,At-Risk
Anthony Johnson,167,7,4501.391,1,2,3,At-Risk
Anthony O'Donnell,502,1,161.28,1,1,1,Lost
Anthony Rawles,59,8,4523.336,2,3,3,Champions
Anthony Witt,21,4,649.376,3,1,1,At-Risk
Arianne Irving,14,10,4375.786,3,3,3,Champions
Art Ferguson,42,7,2052.908,3,2,2,At-Risk
Art Foster,416,4,861.565,1,1,1,Lost
Arthur Gainer,97,10,4510.797,2,3,3,Champions
Arthur Prichep,99,10,3323.556,2,3,3,Champions
Arthur Wiediger,47,7,2852.968,2,2,2,At-Risk
Ashley Jarboe,86,7,1839.24,2,2,2,At-Risk
Astrea Jones,75,3,629.2479999999999,2,1,1,Lost
Barbara Fisher,92,7,599.798,2,2,1,At-Risk
Barry Blumstein,106,5,744.3399999999999,2,1,1,Lost
Barry Franz,40,4,1333.88,3,1,1,At-Risk
Barry Französisch,75,8,2888.506,2,3,2,At-Risk
Barry Gonzalez,29,8,2798.948,3,3,2,Champions
Barry Pond,84,5,983.42,2,1,1,Lost
Barry Weirich,213,3,385.516,1,1,1,Lost
Bart Folk,26,3,272.95,3,1,1,At-Risk
Bart Pistole,18,12,2442.044,3,3,2,Champions
Bart Watters,122,8,4750.358,1,3,3,At-Risk
Becky Castell,203,9,2933.676,1,3,2,At-Risk
Becky Martin,308,4,11789.63,1,1,3,At-Risk
Becky Pak,90,6,1697.8609999999999,2,2,2,At-Risk
Ben Ferrer,17,11,5907.972,3,3,3,Champions
Ben Peterman,2,9,3675.861,3,3,3,Champions
Ben Wallace,204,6,1738.406,1,2,2,At-Risk
Benjamin Farhat,66,4,1585.162,2,1,2,At-Risk
Benjamin Patterson,40,5,1181.49,3,1,1,At-Risk
Benjamin Venier,335,5,1523.2730000000001,1,1,2,Lost
Berenike Kampe,78,6,659.1379999999999,2,2,1,At-Risk
Beth Fritzler,58,3,791.9899999999999,2,1,1,Lost
Beth Paige,13,7,2475.157,3,2,2,At-Risk
Beth Thompson,337,5,2567.656,1,1,2,Lost
Bill Donatelli,34,12,5718.521,3,3,3,Champions
Bill Eplett,120,5,4204.676,2,1,3,At-Risk
Bill Overfelt,138,5,2682.728,1,1,2,Lost
Bill Shonely,559,5,10501.653,1,1,3,At-Risk
Bill Stewart,29,5,3887.834,3,1,3,At-Risk
Bill Tyler,303,6,2186.6130000000003,1,2,2,At-Risk
Bobby Elias,99,5,2261.438,2,1,2,At-Risk
Bobby Odegard,76,2,130.83,2,1,1,Lost
Bobby Trafton,561,4,603.876,1,1,1,Lost
Brad Eason,255,6,1727.652,1,2,2,At-Risk
Brad Norvell,25,4,265.296,3,1,1,At-Risk
Brad Thomas,660,2,415.19599999999997,1,1,1,Lost
Bradley Drucker,36,6,4411.2429999999995,3,2,3,Champions
Bradley Nguyen,10,5,1459.344,3,1,2,At-Risk
Bradley Talbott,92,5,2684.4919999999997,2,1,2,At-Risk
Brenda Bowman,29,9,6765.728,3,3,3,Champions
Brendan Dodson,279,2,320.54,1,1,1,Lost
Brendan Murry,101,6,808.162,2,2,1,At-Risk
Brendan Sweed,36,6,2454.928,3,2,2,At-Risk
Brian Dahlen,98,7,3288.471,2,2,3,At-Risk
Brian DeCherney,70,6,1538.11,2,2,2,At-Risk
Brian Derr,10,3,582.646,3,1,1,At-Risk
Brian Moss,34,11,7294.185,3,3,3,Champions
Brian Stugart,583,3,3288.1099999999997,1,1,3,At-Risk
Brian Thompson,21,7,3196.752,3,2,3,Champions
Brooke Gillingham,37,6,1874.172,3,2,2,At-Risk
Brosina Hoffman,24,8,6255.351,3,3,3,Champions
Bruce Degenhardt,94,6,1526.5,2,2,2,At-Risk
Bruce Geld,58,6,1006.356,2,2,1,At-Risk
Bruce Stewart,2,7,2562.382,3,2,2,At-Risk
Bryan Davis,328,6,658.466,1,2,1,Lost
Bryan Mills,219,10,1338.842,1,3,1,At-Risk
Bryan Spruell,266,2,949.4300000000001,1,1,1,Lost
Candace McMahon,132,6,1673.888,1,2,2,At-Risk
Cari Sayre,92,5,1278.954,2,1,1,Lost
Cari Schnelling,163,6,537.632,1,2,1,Lost
Carl Jackson,366,1,16.52,1,1,1,Lost
Carl Ludwig,107,4,1262.0140000000001,2,1,1,Lost
Carl Weiss,23,6,1136.592,3,2,1,At-Risk
Carlos Daly,41,5,2033.968,3,1,2,At-Risk
Carlos Meador,709,2,565.392,1,1,1,Lost
Carlos Soltero,26,11,3036.547,3,3,2,Champions
Carol Adams,97,6,3789.7228,2,2,3,At-Risk
Carol Darley,55,3,639.766,2,1,1,Lost
Carol Triggs,97,8,3241.898,2,3,3,Champions
Caroline Jumper,190,8,11164.974,1,3,3,At-Risk
Cassandra Brandow,48,10,6076.139,2,3,3,Champions
Catherine Glotzbach,50,6,904.4680000000001,2,2,1,At-Risk
Cathy Armstrong,402,5,1679.7240000000002,1,1,2,Lost
Cathy Hwang,692,3,1537.236,1,1,2,Lost
Cathy Prescott,83,8,5402.254,2,3,3,Champions
Chad Cunningham,458,6,1770.945,1,2,2,At-Risk
Chad McGuire,9,4,1661.6100000000001,3,1,2,At-Risk
Chad Sievert,490,4,884.64,1,1,1,Lost
Charles Crestani,107,7,2471.65,2,2,2,At-Risk
Charles McCrossin,27,6,2533.314,3,2,2,At-Risk
Charles Sheldon,233,5,844.4580000000001,1,1,1,Lost
Charlotte Melton,9,6,1475.144,3,2,2,At-Risk
Chloris Kastensmidt,40,13,3154.855,3,3,3,Champions
Chris Cortes,21,12,3913.418,3,3,3,Champions
Chris McAfee,386,5,2305.712,1,1,2,Lost
Chris Selesnick,27,12,2754.216,3,3,2,Champions
Christina Anderson,57,9,2648.2872,2,3,2,At-Risk
Christina DeMoss,43,2,1205.584,2,1,1,Lost
Christina VanderZanden,255,5,2830.6279999999997,1,1,2,Lost
Christine Abelman,14,4,1421.954,3,1,1,At-Risk
Christine Kargatis,121,5,2945.321,2,1,2,At-Risk
Christine Phan,161,8,5888.275,1,3,3,At-Risk
Christine Sundaresam,7,11,3202.1620000000003,3,3,3,Champions
Christopher Conant,44,5,12129.072000000002,2,1,3,At-Risk
Christopher Martinez,38,4,8954.019999999999,3,1,3,At-Risk
Christopher Schild,3,9,3651.8585000000003,3,3,3,Champions
Christy Brittain,27,8,1949.2,3,3,2,Champions
Chuck Clark,1,10,2870.05,3,3,2,Champions
Chuck Magee,437,3,287.99,1,1,1,Lost
Chuck Sachs,28,2,550.644,3,1,1,At-Risk
Cindy Chapman,40,9,1659.438,3,3,2,Champions
Cindy Schnelling,425,4,1077.2285,1,1,1,Lost
Cindy Stewart,59,6,5690.054999999999,2,2,3,At-Risk
Claire Gute,339,3,1148.7800000000002,1,1,1,Lost
Claudia Bergmann,198,8,4246.4555,1,3,3,At-Risk
Clay Cheatham,28,3,113.832,3,1,1,At-Risk
Clay Ludtke,285,12,10880.546,1,3,3,At-Risk
Clay Rozendal,58,4,2148.852,2,1,2,At-Risk
Clytie Kelty,44,11,2372.75,2,3,2,At-Risk
Corey Catlett,35,7,2540.631,3,2,2,At-Risk
Corey Roper,471,3,475.9,1,1,1,Lost
Corey-Lock,550,5,1300.076,1,1,1,Lost
Corinna Mitchell,28,6,6339.5576,3,2,3,Champions
Craig Carreira,30,7,2269.7015,3,2,2,At-Risk
Craig Carroll,800,4,2854.1150000000002,1,1,2,Lost
Craig Leslie,106,5,2353.586,2,1,2,At-Risk
Craig Molinari,1036,4,3984.4524,1,1,3,At-Risk
Craig Reiter,79,4,1600.55,2,1,2,At-Risk
Craig Yedwab,61,8,2900.026,2,3,2,At-Risk
Cyma Kinney,83,9,1582.109,2,3,2,At-Risk
Cynthia Arntzen,121,7,3041.566,2,2,2,At-Risk
Cynthia Delaney,400,5,1860.732,1,1,2,Lost
Cynthia Voltz,6,9,2370.3136,3,3,2,Champions
Cyra Reiten,86,3,1397.8724,2,1,1,Lost
Damala Kotsonis,22,12,3256.48,3,3,3,Champions
Dan Campbell,38,9,3336.168,3,3,3,Champions
Dan Lawera,101,8,1503.112,2,3,2,At-Risk
Dan Reichenbach,4,9,6528.034000000001,3,3,3,Champions
Dana Kaydos,46,5,4282.176,2,1,3,At-Risk
Daniel Byrd,22,8,2171.599,3,3,2,Champions
Daniel Lacy,58,6,3272.2,2,2,3,At-Risk
Daniel Raglin,51,8,8350.868,2,3,3,Champions
Dario Medina,115,7,1322.034,2,2,1,At-Risk
Darren Budd,242,5,2839.2272,1,1,2,Lost
Darren Koutras,8,5,1687.04,3,1,2,At-Risk
Darren Powers,127,9,1050.636,1,3,1,At-Risk
Darrin Martin,58,7,6345.103,2,2,3,At-Risk
Darrin Sayre,94,4,1762.213,2,1,2,At-Risk
Darrin Van Huff,20,5,1119.483,3,1,1,At-Risk
Dave Brooks,17,7,4531.646,3,2,3,Champions
Dave Hallsten,278,6,4932.872,1,2,3,At-Risk
Dave Kipp,43,7,2650.557,2,2,2,At-Risk
Dave Poirier,7,8,2215.002,3,3,2,Champions
David Bremer,49,7,2973.094,2,2,2,At-Risk
David Flashing,701,3,2390.534,1,1,2,Lost
David Kendrick,11,2,797.832,3,1,1,At-Risk
David Philippe,813,2,1058.616,1,1,1,Lost
David Smith,24,9,2881.8128,3,3,2,Champions
David Wiener,70,6,1080.751,2,2,1,At-Risk
Dean Braden,10,10,2332.577,3,3,2,Champions
Dean Katz,11,9,4802.394,3,3,3,Champions
Dean percer,85,11,7198.7609999999995,2,3,3,Champions
Deanra Eno,720,5,2550.874,1,1,2,Lost
Deborah Brumfield,54,8,4655.897,2,3,3,Champions
Debra Catini,24,5,1174.618,3,1,1,At-Risk
Deirdre Greer,33,5,3195.818,3,1,3,At-Risk
Delfina Latchford,23,8,1458.258,3,3,2,Champions
Denise Leinenbach,58,4,585.02,2,1,1,Lost
Denise Monton,23,8,4074.4719999999998,3,3,3,Champions
Dennis Bolton,265,5,1081.466,1,1,1,Lost
Dennis Kane,20,8,3318.486,3,3,3,Champions
Dennis Pardue,359,9,5480.723999999999,1,3,3,At-Risk
Denny Blanton,188,4,1711.692,1,1,2,Lost
Denny Joy,638,4,2012.52,1,1,2,Lost
Denny Ordway,134,9,1300.0315,1,3,1,At-Risk
Dianna Arnett,353,4,156.76,1,1,1,Lost
Dianna Vittorini,30,6,3341.587,3,2,3,Champions
Dianna Wilson,218,5,5271.628,1,1,3,At-Risk
Dionis Lloyd,77,8,3539.322,2,3,3,Champions
Don Jones,49,8,2501.6879999999996,2,3,2,At-Risk
Don Miller,482,3,1376.792,1,1,1,Lost
Don Weiss,99,5,344.08,2,1,1,Lost
Dorothy Badders,108,7,3908.8028,2,2,3,At-Risk
Dorothy Dickinson,42,6,269.542,3,2,1,At-Risk
Dorothy Wardle,243,7,1204.854,1,2,1,Lost
Dorris liebe,120,5,755.602,2,1,1,Lost
Doug Bickford,34,7,1989.05,3,2,2,At-Risk
Doug Jacobs,13,3,3356.398,3,1,3,At-Risk
Doug O'Connell,27,7,1267.316,3,2,1,At-Risk
Duane Benoit,13,7,1155.202,3,2,1,At-Risk
Duane Huffman,777,4,1043.096,1,1,1,Lost
Duane Noonan,218,7,2139.79,1,2,2,At-Risk
Ed Braxton,49,9,3644.978,2,3,3,Champions
Ed Jacobs,303,4,2162.174,1,1,2,Lost
Ed Ludwig,78,2,124.28,2,1,1,Lost
Edward Becker,36,10,3236.314,3,3,3,Champions
Edward Hooks,136,12,10310.880000000001,1,3,3,At-Risk
Edward Nazzal,288,4,2199.366,1,1,2,Lost
Eileen Kiefer,45,4,1303.478,2,1,1,Lost
Eleni McCrary,133,5,2567.0099999999998,1,1,2,Lost
Elizabeth Moffitt,56,8,2339.598,2,3,2,At-Risk
Ellis Ballard,91,5,4358.128,2,1,3,At-Risk
Elpida Rittenbach,422,3,1245.788,1,1,1,Lost
Emily Burns,101,10,2767.219,2,3,2,At-Risk
Emily Ducich,136,8,3484.92,1,3,3,At-Risk
Emily Grady,23,5,1832.02,3,1,2,At-Risk
Emily Phan,13,17,5478.0608,3,3,3,Champions
Eric Barreto,162,5,944.6000000000001,1,1,1,Lost
Eric Hoffmann,218,8,684.1709999999999,1,3,1,At-Risk
Eric Murdock,152,5,933.704,1,1,1,Lost
Erica Bern,1,4,1643.255,3,1,2,At-Risk
Erica Hackney,406,6,825.9499999999999,1,2,1,Lost
Erica Hernandez,3,7,1219.53,3,2,1,At-Risk
Erica Smith,41,5,3510.4579999999996,3,1,3,At-Risk
Erin Ashbrook,153,13,2846.705,1,3,2,At-Risk
Erin Creighton,54,5,461.914,2,1,1,Lost
Erin Mull,48,4,228.99,2,1,1,Lost
Erin Smith,29,9,4657.924,3,3,3,Champions
Eudokia Martin,114,4,1041.0420000000001,2,1,1,Lost
Eugene Barchas,114,6,3071.126,2,2,2,At-Risk
Eugene Hildebrand,153,10,3082.653,1,3,2,At-Risk
Eugene Moren,49,6,4588.436000000001,2,2,3,At-Risk
Eva Jacobs,58,5,2656.691,2,1,2,At-Risk
Evan Bailliet,83,6,1186.326,2,2,1,At-Risk
Evan Henry,106,6,923.884,2,2,1,At-Risk
Evan Minnotte,159,3,366.822,1,1,1,Lost
Filia McAdams,8,10,2456.638,3,3,2,Champions
Frank Atkinson,98,7,2984.054,2,2,2,At-Risk
Frank Carlisle,71,7,3418.742,2,2,3,At-Risk
Frank Gastineau,35,7,1383.144,3,2,1,At-Risk
Frank Hawley,38,10,4256.272,3,3,3,Champions
Frank Merwin,37,9,3736.198,3,3,3,Champions
Frank Olsen,39,10,2678.438,3,3,2,Champions
Frank Preis,24,8,4046.746,3,3,3,Champions
Fred Chung,185,7,3889.366,1,2,3,At-Risk
Fred Harton,213,4,2271.284,1,1,2,Lost
Fred Hopkins,6,8,6987.196,3,3,3,Champions
Fred McMath,146,9,2523.266,1,3,2,At-Risk
Fred Wasserman,363,3,79.75,1,1,1,Lost
Gary Hansen,76,9,2819.4669999999996,2,3,2,At-Risk
Gary Hwang,51,4,4172.8460000000005,2,1,3,At-Risk
Gary McGarr,84,7,3582.8199999999997,2,2,3,At-Risk
Gary Mitchum,17,6,3078.624,3,2,2,At-Risk
Gary Zandusky,8,9,4355.150000000001,3,3,3,Champions
Gene Hale,388,2,1361.2440000000001,1,1,1,Lost
Gene McClure,107,10,1255.682,2,3,1,At-Risk
George Ashbrook,150,8,3919.7760000000003,1,3,3,At-Risk
George Bell,63,11,1568.44,2,3,2,At-Risk
George Zrebassa,158,4,2454.6220000000003,1,1,2,Lost
Georgia Rosenberg,1136,2,1284.38,1,1,1,Lost
Giulietta Baptist,14,5,4716.288,3,1,3,At-Risk
Giulietta Dortch,6,4,1888.07,3,1,2,At-Risk
Giulietta Weimer,29,7,2189.019,3,2,2,At-Risk
Grace Kelly,113,9,6497.27,2,3,3,Champions
Grant Thornton,57,3,9351.212,2,1,3,At-Risk
Greg Guthrie,44,9,2224.0,2,3,2,At-Risk
Greg Hansen,3,2,146.94080000000002,3,1,1,At-Risk
Greg Matthias,153,6,3163.628,1,2,3,At-Risk
Greg Maxwell,118,3,6049.966,2,1,3,At-Risk
Greg Tran,37,11,11820.119999999999,3,3,3,Champions
Guy Armstrong,6,11,1398.382,3,3,1,At-Risk
Guy Phonely,766,2,236.53,1,1,1,Lost
Guy Thornton,35,4,226.436,3,1,1,At-Risk
Hallie Redmond,14,5,1299.288,3,1,1,At-Risk
Harold Dahlen,770,3,251.36,1,1,1,Lost
Harold Engle,13,4,883.5319999999999,3,1,1,At-Risk
Harold Pawlan,31,7,1990.314,3,2,2,At-Risk
Harold Ryan,160,7,5248.787,1,2,3,At-Risk
Harry Greene,55,5,785.628,2,1,1,Lost
Harry Marie,3,10,8236.7648,3,3,3,Champions
Heather Jas,127,5,358.1,1,1,1,Lost
Heather Kirkland,152,8,4877.784,1,3,3,At-Risk
Helen Abelman,70,7,2163.3,2,2,2,At-Risk
Helen Andreada,21,8,2584.158,3,3,2,Champions
Helen Wasserman,118,8,9300.254,2,3,3,Champions
Henia Zydlo,36,5,886.52,3,1,1,At-Risk
Henry Goldwyn,24,12,3247.642,3,3,3,Champions
Henry MacAllister,248,4,736.276,1,1,1,Lost
Herbert Flentye,22,7,2533.1639999999998,3,2,2,At-Risk
Hilary Holden,73,2,218.668,2,1,1,Lost
Hunter Glantz,7,7,3690.284,3,2,3,Champions
Hunter Lopez,44,6,12873.297999999999,2,2,3,At-Risk
Ionia McGrath,410,3,2872.63,1,1,2,Lost
Irene Maddox,391,7,4930.474,1,2,3,At-Risk
Ivan Gibson,72,4,744.574,2,1,1,Lost
Ivan Liston,143,7,5040.736,1,2,3,At-Risk
Jack Garza,759,3,2358.676,1,1,2,Lost
Jack Lebron,9,6,1214.956,3,2,1,At-Risk
Jack O'Briant,58,9,3254.949,2,3,3,Champions
James Galang,2,11,6366.392,3,3,3,Champions
James Lanier,7,5,1571.523,3,1,2,At-Risk
Jamie Frazer,66,7,2279.5860000000002,2,2,2,At-Risk
Jamie Kunitz,62,5,4427.142,2,1,3,At-Risk
Jane Waco,43,6,7721.714,2,2,3,At-Risk
Janet Lee,120,5,2203.7,2,1,2,At-Risk
Janet Martin,38,6,3159.1220000000003,3,2,3,Champions
Janet Molinari,38,5,1804.146,3,1,2,At-Risk
Jas O'Carroll,93,6,1934.272,2,2,2,At-Risk
Jason Fortune-,226,5,955.124,1,1,1,Lost
Jason Gross,3,6,2240.58,3,2,2,At-Risk
Jason Klamczynski,288,3,383.812,1,1,1,Lost
Jasper Cacioppo,115,4,71.263,2,1,1,Lost
Jay Fein,106,6,1911.844,2,2,2,At-Risk
Jay Kimmel,45,8,2709.632,2,3,2,At-Risk
Jenna Caffey,176,1,1058.108,1,1,1,Lost
Jennifer Braxton,8,10,1791.605,3,3,2,Champions
Jennifer Ferguson,3,6,2371.448,3,2,2,At-Risk
Jennifer Halladay,6,4,309.281,3,1,1,At-Risk
Jennifer Jackson,484,5,709.178,1,1,1,Lost
Jennifer Patt,38,7,1669.135,3,2,2,At-Risk
Jeremy Ellison,194,6,1388.682,1,2,1,Lost
Jeremy Farry,122,11,1082.918,1,3,1,At-Risk
Jeremy Lonsdale,50,6,3173.874,2,2,3,At-Risk
Jeremy Pistek,9,7,3635.594,3,2,3,Champions
Jessica Myrick,103,7,1733.443,2,2,2,At-Risk
Jesus Ocampo,216,5,1090.838,1,1,1,Lost
Jill Fjeld,55,8,4198.332,2,3,3,Champions
Jill Matthias,1,5,303.948,3,1,1,At-Risk
Jill Stevenson,120,4,1417.654,2,1,1,Lost
Jim Epp,49,7,7754.976,2,2,3,At-Risk
Jim Karlsson,62,7,3760.028,2,2,3,At-Risk
Jim Kriz,181,9,4760.434,1,3,3,At-Risk
Jim Mitchum,9,5,864.947,3,1,1,At-Risk
Jim Radford,594,2,1156.658,1,1,1,Lost
Jim Sink,43,4,1131.0639999999999,2,1,1,Lost
Jocasta Rupert,69,1,863.88,2,1,1,Lost
Joe Elijah,47,10,8697.842999999999,2,3,3,Champions
Joe Kamberova,85,10,4867.2,2,3,3,Champions
Joel Eaton,52,13,6760.8150000000005,2,3,3,Champions
Joel Jenkins,754,2,195.0,1,1,1,Lost
John Castell,159,9,2772.055,1,3,2,At-Risk
John Dryer,118,5,2152.352,2,1,2,At-Risk
John Grady,224,6,1507.018,1,2,2,At-Risk
John Huston,175,6,528.91,1,2,1,Lost
John Lee,22,11,9799.923,3,3,3,Champions
John Lucas,615,6,2725.256,1,2,2,At-Risk
John Murray,110,7,7625.076000000001,2,2,3,At-Risk
John Stevenson,535,5,3868.02,1,1,3,At-Risk
Jonathan Doherty,395,11,7610.8640000000005,1,3,3,At-Risk
Jonathan Howell,42,7,959.477,3,2,1,At-Risk
Joni Blumstein,738,3,900.552,1,1,1,Lost
Joni Sundaresam,464,5,469.169,1,2,1,Lost
Joni Wasserman,6,7,1244.086,3,2,1,At-Risk
Joseph Airdo,93,8,6491.026,2,3,3,Champions
Joseph Holt,30,6,7954.9980000000005,3,2,3,Champions
Joy Bell-,44,7,644.1188,2,2,1,At-Risk
Joy Daniels,113,6,385.43,2,2,1,At-Risk
Joy Smith,29,6,2516.494,3,2,2,At-Risk
Julia Barnett,8,5,2518.115,3,2,2,At-Risk
Julia Dunbar,301,3,695.442,1,1,1,Lost
Julia West,462,4,1428.731,1,1,1,Lost
Juliana Krohn,29,3,3747.668,3,1,3,At-Risk
Julie Creighton,58,5,858.576,2,2,1,At-Risk
Julie Kriz,118,10,2932.484,2,3,2,At-Risk
Julie Prescott,103,9,1707.71,2,3,2,At-Risk
Justin Deggeller,42,8,8828.0305,3,3,3,Champions
Justin Ellison,21,3,2697.248,3,1,2,At-Risk
Justin Hirsh,405,4,2256.3940000000002,1,1,2,Lost
Justin MacKendrick,58,10,2833.9260000000004,2,3,2,At-Risk
Justin Ritter,34,5,2201.686,3,2,2,At-Risk
Kalyca Meade,15,6,2260.958,3,2,2,At-Risk
Karen Bern,5,7,3152.6150000000002,3,2,3,Champions
Karen Carlisle,408,6,2120.954,1,2,2,At-Risk
Karen Daniels,485,5,8282.358,1,2,3,At-Risk
Karen Ferguson,98,7,10604.266,2,2,3,At-Risk
Karen Seio,296,3,88.472,1,1,1,Lost
Karl Braun,297,9,1569.464,1,3,2,At-Risk
Katharine Harms,41,8,3312.864,3,3,3,Champions
Katherine Ducich,42,6,1888.964,3,2,2,At-Risk
Katherine Hughes,2,6,3100.612,3,2,2,At-Risk
Katherine Murray,57,8,5620.186,2,3,3,Champions
Katherine Nockton,20,9,2617.272,3,3,2,Champions
Katrina Bavinger,118,3,908.821,2,1,1,Lost
Katrina Edelman,27,8,1686.7312,3,3,2,Champions
Katrina Willman,97,5,4416.5199999999995,2,2,3,At-Risk
Kean Nguyen,53,5,2171.962,2,2,2,At-Risk
Kean Takahito,392,7,3057.1,1,2,2,At-Risk
Kean Thornton,101,10,4642.088400000001,2,3,3,Champions
Keith Dawkins,113,12,8181.256,2,3,3,Champions
Keith Herrera,23,7,5952.859,3,2,3,Champions
Kelly Andreada,37,7,1519.506,3,2,2,At-Risk
Kelly Collister,98,4,3908.262,2,1,3,At-Risk
Kelly Lampkin,17,8,5016.488,3,3,3,Champions
Kelly Williams,772,4,449.096,1,1,1,Lost
Ken Black,231,12,2744.742,1,3,2,At-Risk
Ken Brennan,2,7,983.922,3,2,1,At-Risk
Ken Dana,290,5,2243.5099999999998,1,2,2,At-Risk
Ken Heidel,59,9,3918.9660000000003,2,3,3,Champions
Ken Lonsdale,48,12,14175.229000000001,2,3,3,Champions
Khloe Miller,16,5,453.538,3,2,1,At-Risk
Kimberly Carter,58,4,1146.05,2,1,1,Lost
Kristen Hastings,3,7,5990.799,3,2,3,Champions
Kristina Nunn,99,8,2280.58,2,3,2,At-Risk
Kunst Miller,29,8,4909.472,3,3,3,Champions
Larry Blacks,49,3,50.188,2,1,1,Lost
Larry Hughes,152,3,287.426,1,1,1,Lost
Larry Tron,27,3,329.876,3,1,1,At-Risk
Laura Armstrong,155,11,8673.222,1,3,3,At-Risk
Laurel Beltran,153,8,4985.676,1,3,3,At-Risk
Laurel Elliston,22,6,1469.45,3,2,2,At-Risk
Laurel Workman,89,5,2238.061,2,2,2,At-Risk
Lauren Leatherbury,250,6,2741.2039999999997,1,2,2,At-Risk
Lela Donovan,553,1,5.304,1,1,1,Lost
Lena Cacioppo,28,8,2580.7039999999997,3,3,2,Champions
Lena Creighton,17,12,7663.126,3,3,3,Champions
Lena Hernandez,22,9,2295.332,3,3,2,Champions
Lena Radford,27,6,5142.892,3,2,3,Champions
Linda Cazamias,42,8,4492.946,3,3,3,Champions
Linda Southworth,179,6,2845.27,1,2,2,At-Risk
Lindsay Castell,437,4,3246.626,1,1,3,At-Risk
Lindsay Shagiari,21,9,2988.674,3,3,2,Champions
Lindsay Williams,34,6,3230.308,3,2,3,Champions
Lisa DeCherney,415,4,1961.934,1,1,2,Lost
Lisa Hazard,240,4,318.239,1,1,1,Lost
Lisa Ryan,133,5,1879.306,1,2,2,At-Risk
Liz Carlisle,55,5,2095.064,2,2,2,At-Risk
Liz MacKendrick,392,5,1346.774,1,2,1,Lost
Liz Pelletier,41,4,756.606,3,1,1,At-Risk
Liz Preis,10,7,3653.399,3,2,3,Champions
Liz Thompson,35,8,2936.252,3,3,2,Champions
Liz Willingham,206,3,1259.04,1,1,1,Lost
Logan Currie,14,9,2633.582,3,3,2,Champions
Logan Haushalter,386,9,1739.689,1,3,2,At-Risk
Lori Olson,3,5,644.35,3,2,1,At-Risk
Luke Foster,23,7,3930.5089999999996,3,2,3,Champions
Luke Schmidt,97,6,1010.2560000000001,2,2,1,At-Risk
Luke Weiss,22,7,5420.514,3,2,3,Champions
Lycoris Saunders,778,3,368.88000000000005,1,1,1,Lost
Lynn Smith,35,6,1008.1360000000001,3,2,1,At-Risk
Magdelene Morse,169,4,1314.023,1,1,1,Lost
Marc Crier,77,8,2725.982,2,3,2,At-Risk
Marc Harrigan,120,6,2394.025,2,2,2,At-Risk
Maria Bertelson,49,10,1548.702,2,3,2,At-Risk
Maria Etezadi,43,10,10663.728000000001,2,3,3,Champions
Maria Zettner,31,4,593.606,3,1,1,At-Risk
Maribeth Dona,118,7,3766.382,2,2,3,At-Risk
Maribeth Schnelling,274,10,7443.6900000000005,1,3,3,At-Risk
Maribeth Yedwab,30,7,2254.285,3,2,2,At-Risk
Marina Lichtenstein,70,9,2722.843,2,3,2,At-Risk
Maris LaWare,55,6,2921.5,2,2,2,At-Risk
Mark Cousins,400,5,4432.138,1,2,3,At-Risk
Mark Haberlin,377,4,400.016,1,1,1,Lost
Mark Hamilton,86,8,2456.1820000000002,2,3,2,At-Risk
Mark Packer,720,7,3206.132,1,2,3,At-Risk
Mark Van Huff,28,9,1560.05,3,3,2,Champions
Mary O'Rourke,73,4,922.487,2,1,1,Lost
Mary Zewe,283,6,2564.906,1,2,2,At-Risk
MaryBeth Skach,435,4,475.65599999999995,1,1,1,Lost
Mathew Reese,126,4,639.178,1,1,1,Lost
Matt Abelman,65,11,4299.161,2,3,3,Champions
Matt Collins,28,8,1303.893,3,3,1,At-Risk
Matt Collister,52,6,2426.067,2,2,2,At-Risk
Matt Connell,113,8,2258.192,2,3,2,At-Risk
Matt Hagelstein,156,4,1252.8,1,1,1,Lost
Matthew Clasen,190,4,795.154,1,1,1,Lost
Matthew Grinstein,30,7,3785.276,3,2,3,Champions
Maureen Fritzler,422,5,937.039,1,2,1,Lost
Maureen Gastineau,93,4,2350.188,2,1,2,At-Risk
Maureen Gnade,556,3,1342.282,1,1,1,Lost
Maurice Satty,414,6,1613.402,1,2,2,At-Risk
Max Engle,29,8,1908.4532,3,3,2,Champions
Max Jones,23,7,6320.746,3,2,3,Champions
Max Ludwig,30,7,2071.9139999999998,3,2,2,At-Risk
Maxwell Schwartz,122,9,3144.678,1,3,3,At-Risk
Maya Herman,99,7,2203.7780000000002,2,2,2,At-Risk
Meg O'Connel,105,8,1687.0269999999998,2,3,2,At-Risk
Meg Tillman,50,6,2890.139,2,2,2,At-Risk
Melanie Seite,453,4,370.348,1,1,1,Lost
Michael Chen,2,7,3805.714,3,2,3,Champions
Michael Dominguez,37,5,1204.91,3,2,1,At-Risk
Michael Grace,117,5,1242.8329999999999,2,2,1,At-Risk
Michael Granlund,100,9,776.384,2,3,1,At-Risk
Michael Kennedy,29,8,2302.368,3,3,2,Champions
Michael Moore,8,11,3794.0800000000004,3,3,3,Champions
Michael Nguyen,35,6,2477.946,3,2,2,At-Risk
Michael Oakman,181,2,154.288,1,1,1,Lost
Michael Paige,73,9,3983.6420000000003,2,3,3,Champions
Michael Stewart,27,6,855.116,3,2,1,At-Risk
Michelle Arnett,187,6,2453.284,1,2,2,At-Risk
Michelle Ellison,93,4,1256.944,2,1,1,Lost
Michelle Huthwaite,50,5,2984.948,2,2,2,At-Risk
Michelle Lonsdale,80,3,742.082,2,1,1,Lost
Michelle Moray,62,8,2749.881,2,3,2,At-Risk
Michelle Tran,204,4,1319.4498,1,1,1,Lost
Mick Brown,45,7,1428.231,2,2,1,At-Risk
Mick Crebagga,42,10,2218.98,3,3,2,Champions
Mick Hernandez,6,9,5503.093,3,3,3,Champions
Mike Caudle,370,5,1581.9979999999998,1,2,2,At-Risk
Mike Gockenbach,85,4,3061.543,2,1,2,At-Risk
Mike Kennedy,241,4,1031.602,1,1,1,Lost
Mike Pelletier,17,9,5087.92,3,3,3,Champions
Mike Vittorini,20,7,1734.574,3,2,2,At-Risk
Mitch Gastineau,265,1,16.739,1,1,1,Lost
Mitch Webber,18,7,5341.900000000001,3,2,3,Champions
Mitch Willingham,45,2,5253.876,2,1,3,At-Risk
Monica Federle,8,5,1758.3,3,2,2,At-Risk
Muhammed Lee,101,2,162.232,2,1,1,Lost
Muhammed MacIntyre,86,9,775.414,2,3,1,At-Risk
Muhammed Yedwab,72,11,4152.696,2,3,3,Champions
Nancy Lomonaco,59,4,1418.0900000000001,2,1,1,Lost
Naresj Patel,26,6,5529.62,3,2,3,Champions
Nat Carroll,225,5,2461.404,1,2,2,At-Risk
Nat Gilpin,49,5,1869.58,2,2,2,At-Risk
Natalie DeCherney,28,9,4326.139,3,3,3,Champions
Natalie Fritzler,80,7,8322.826,2,2,3,At-Risk
Natalie Webber,173,7,7234.014,1,2,3,At-Risk
Nathan Cano,42,6,2218.9900000000002,3,2,2,At-Risk
Nathan Gelder,49,5,1395.9379999999999,2,2,1,At-Risk
Nathan Mautz,161,7,6459.344,1,2,3,At-Risk
Neil Ducich,184,6,2893.455,1,2,2,At-Risk
Neil Französisch,526,4,377.16200000000003,1,1,1,Lost
Neil Knudson,71,7,572.048,2,2,1,At-Risk
Neola Schneider,7,4,2575.863,3,1,2,At-Risk
Neoma Murray,245,10,2161.979,1,3,2,At-Risk
Nick Crebassa,7,7,8241.739,3,2,3,Champions
Nick Radford,211,5,2367.277,1,2,2,At-Risk
Nick Zandusky,86,9,2488.31,2,3,2,At-Risk
Nicole Brennan,1166,2,273.87199999999996,1,1,1,Lost
Nicole Fjeld,115,7,2031.472,2,2,2,At-Risk
Nicole Hansen,190,7,2673.29,1,2,2,At-Risk
Noah Childs,205,5,1821.742,1,2,2,At-Risk
Noel Staavos,175,13,2964.823,1,3,2,At-Risk
Nona Balk,20,9,1972.599,3,3,2,Champions
Nora Paige,59,5,3908.402,2,2,3,At-Risk
Nora Pelletier,407,6,1228.698,1,2,1,Lost
Nora Preis,139,7,7903.1825,1,2,3,At-Risk
Odella Nelson,411,9,1567.52,1,3,2,At-Risk
Olvera Toch,66,5,3818.624,2,2,3,At-Risk
Pamela Coakley,3,4,1832.064,3,1,2,At-Risk
Pamela Stobb,108,6,2181.479,2,2,2,At-Risk
Parhena Norris,31,8,1467.152,3,3,2,Champions
Patricia Hirasaki,71,1,729.648,2,1,1,Lost
Patrick Bzostek,26,3,740.356,3,1,1,At-Risk
Patrick Gardner,37,13,3086.907,3,3,2,Champions
Patrick Jones,40,8,1220.09,3,3,1,At-Risk
Patrick O'Brill,5,11,7473.8282,3,3,3,Champions
Patrick O'Donnell,1,7,2493.214,3,2,2,At-Risk
Patrick Ryan,37,5,1840.178,3,2,2,At-Risk
Paul Gonzalez,58,9,1987.164,2,3,2,At-Risk
Paul Knutson,484,2,1441.152,1,1,1,Lost
Paul Lucas,16,5,239.481,3,2,1,At-Risk
Paul MacIntyre,387,3,1405.402,1,1,1,Lost
Paul Prost,98,10,7252.608,2,3,3,Champions
Paul Stevenson,70,8,1278.639,2,3,1,At-Risk
Paul Van Hugh,90,5,2876.046,2,2,2,At-Risk
Pauline Chand,883,2,1061.488,1,1,1,Lost
Pauline Johnson,135,7,1824.2340000000002,1,2,2,At-Risk
Pauline Webber,47,10,3454.916,2,3,3,Champions
Penelope Sewall,237,7,6843.634,1,2,3,At-Risk
Pete Armstrong,104,6,729.408,2,2,1,At-Risk
Pete Kriz,10,12,8646.934,3,3,3,Champions
Pete Takahito,72,4,160.572,2,1,1,Lost
Peter Bühler,58,4,688.324,2,1,1,Lost
Peter Fuller,836,4,9062.864,1,1,3,At-Risk
Peter McVee,52,4,4115.662,2,1,3,At-Risk
Philip Brown,98,8,1456.95,2,3,2,At-Risk
Philip Fox,197,6,2770.0,1,2,2,At-Risk
Philisse Overcash,161,9,4893.043,1,3,3,At-Risk
Phillina Ober,87,5,1056.858,2,2,1,At-Risk
Phillip Breyer,689,2,132.738,1,1,1,Lost
Phillip Flathmann,115,5,2206.1279999999997,2,2,2,At-Risk
Pierre Wener,465,7,3922.4150000000004,1,2,3,At-Risk
Quincy Jones,26,9,6108.338,3,3,3,Champions
Rachel Payne,497,4,954.6452,1,1,1,Lost
Ralph Arnett,6,9,2617.906,3,3,2,Champions
Ralph Kennedy,120,3,1460.192,2,1,2,At-Risk
Ralph Ritter,20,2,615.932,3,1,1,At-Risk
Randy Bradley,69,2,1008.1959999999999,2,1,1,Lost
Randy Ferguson,391,8,3309.15,1,3,3,At-Risk
Raymond Buch,97,6,15117.339,2,2,3,At-Risk
Raymond Messe,346,6,1453.474,1,2,1,Lost
Resi Pölking,34,12,5153.084,3,3,3,Champions
Ricardo Emerson,1098,1,48.36,1,1,1,Lost
Ricardo Sperren,77,5,3221.29,2,2,3,At-Risk
Richard Bierner,20,8,2663.0860000000002,3,3,2,Champions
Richard Eichhorn,303,5,876.696,1,2,1,Lost
Rick Bensley,10,12,4715.466,3,3,3,Champions
Rick Duston,73,8,4272.93,2,3,3,Champions
Rick Hansen,33,5,3621.3759999999997,3,2,3,Champions
Rick Huthwaite,468,6,6979.18,1,2,3,At-Risk
Rick Reed,171,6,3302.2619999999997,1,2,3,At-Risk
Rick Wilson,121,7,7397.401,2,2,3,At-Risk
Ritsa Hightower,520,2,740.382,1,1,1,Lost
Rob Beeghly,26,5,528.546,3,2,1,At-Risk
Rob Dowd,181,10,2912.8940000000002,1,3,2,At-Risk
Rob Haberlin,535,3,2085.7400000000002,1,1,2,Lost
Rob Lucas,122,8,6234.91,1,3,3,At-Risk
Rob Williams,90,9,3279.746,2,3,3,Champions
Robert Barroso,649,5,221.084,1,2,1,Lost
Robert Dilbeck,115,5,2786.632,2,2,2,At-Risk
Robert Marley,7,5,5979.0960000000005,3,2,3,Champions
Robert Waldorf,80,5,3495.646,2,2,3,At-Risk
Roger Barcio,55,4,2067.45,2,1,2,At-Risk
Roger Demir,22,10,1419.737,3,3,1,At-Risk
Roland Fjeld,90,7,2341.2960000000003,2,2,2,At-Risk
Roland Murray,300,1,98.35,1,1,1,Lost
Roland Schwarz,37,8,4159.7699999999995,3,3,3,Champions
Rose O'Brian,36,7,3815.478,3,2,3,Champions
Ross Baird,33,8,5633.316000000001,3,3,3,Champions
Ross DeVincentis,15,8,1137.616,3,3,1,At-Risk
Roy Collins,370,6,966.409,1,2,1,Lost
Roy Französisch,7,8,945.222,3,3,1,At-Risk
Roy Phan,29,8,2170.716,3,3,2,Champions
Roy Skaria,20,2,22.328,3,1,1,At-Risk
Ruben Ausman,44,7,3832.314,2,2,3,At-Risk
Ruben Dartt,115,9,3133.924,2,3,3,Champions
Russell Applegate,13,9,4793.543,3,3,3,Champions
Russell D'Ascenzo,43,4,970.9420000000001,2,1,1,Lost
Ryan Akin,62,5,1686.9225,2,2,2,At-Risk
Ryan Crowe,111,6,885.752,2,2,1,At-Risk
Sally Hughsby,30,13,3406.8395,3,3,3,Champions
Sally Knutson,9,3,883.409,3,1,1,At-Risk
Sally Matthias,422,4,244.49399999999997,1,1,1,Lost
Sam Craven,782,5,3362.9636,1,2,3,At-Risk
Sam Zeldin,36,11,3625.329,3,3,3,Champions
Sample Company A,41,9,4624.572,3,3,3,Champions
Sandra Flanagan,60,7,763.5459999999999,2,3,1,At-Risk
Sandra Glassco,9,3,3406.5809999999997,3,1,3,At-Risk
Sanjit Chand,350,9,14142.333999999999,1,3,3,At-Risk
Sanjit Engle,10,11,12209.438000000002,3,3,3,Champions
Sanjit Jacobs,96,12,3949.656,2,3,3,Champions
Saphhira Shifley,16,8,1324.028,3,3,1,At-Risk
Sara Luxemburg,71,7,3053.012,2,3,2,At-Risk
Sarah Bern,202,3,1348.02,1,1,1,Lost
Sarah Brown,189,6,6410.996,1,2,3,At-Risk
Sarah Foster,60,9,3422.7859999999996,2,3,3,Champions
Sarah Jordon,30,6,1341.036,3,2,1,At-Risk
Scot Coram,150,4,4371.9580000000005,1,1,3,At-Risk
Scot Wooten,82,7,1085.078,2,3,1,At-Risk
Scott Cohen,188,8,3729.7929999999997,1,3,3,At-Risk
Scott Williamson,31,6,1966.65,3,2,2,At-Risk
Sean Braxton,48,7,8057.891,2,3,3,Champions
Sean Christensen,30,7,3979.065,3,3,3,Champions
Sean Miller,80,5,25043.05,2,2,3,At-Risk
Sean O'Donnell,30,6,2602.5755,3,2,2,At-Risk
Sean Wendt,163,3,1019.044,1,1,1,Lost
Seth Vernon,102,10,11470.949999999999,2,3,3,Champions
Shahid Collister,31,9,5992.536,3,3,3,Champions
Shahid Hopkins,24,10,2180.718,3,3,2,Champions
Shahid Shariari,111,6,3056.8070000000002,2,2,2,At-Risk
Sharelle Roach,9,5,3233.481,3,2,3,Champions
Shaun Chance,37,7,1874.998,3,3,2,Champions
Shaun Weien,163,7,2921.544,1,3,2,At-Risk
Sheri Gordon,184,8,1884.798,1,3,2,At-Risk
Shirley Daniels,201,9,6121.114,1,3,3,At-Risk
Shirley Jackson,254,5,1318.776,1,2,1,Lost
Shirley Schmidt,492,3,613.4,1,1,1,Lost
Shui Tom,126,7,433.34000000000003,1,3,1,At-Risk
Sibella Parks,328,6,1306.086,1,2,1,Lost
Skye Norling,112,6,1860.418,2,2,2,At-Risk
Sonia Cooley,93,5,902.7280000000001,2,2,1,At-Risk
Sonia Sunley,433,6,418.49,1,2,1,Lost
Speros Goranitis,109,6,3124.832,2,2,2,At-Risk
Stefania Perrino,48,9,5440.319,2,3,3,Champions
Stefanie Holloman,766,2,2096.392,1,1,2,Lost
Stephanie Phelps,387,9,1872.4360000000001,1,3,2,At-Risk
Stephanie Ulpright,21,7,2595.364,3,3,2,Champions
Steve Carroll,127,6,1254.64,1,2,1,Lost
Steve Chapman,90,10,2576.408,2,3,2,At-Risk
Steve Nguyen,80,7,3127.9592,2,3,2,At-Risk
Steven Cartwright,188,11,5226.21,1,3,3,At-Risk
Steven Roelle,197,8,4345.8859999999995,1,3,3,At-Risk
Steven Ward,535,2,758.6959999999999,1,1,1,Lost
Stewart Carmichael,42,7,4492.657,3,3,3,Champions
Stewart Visinsky,321,9,4105.305,1,3,3,At-Risk
Stuart Calhoun,31,4,279.25600000000003,3,1,1,At-Risk
Stuart Van,77,4,1271.0900000000001,2,1,1,Lost
Sue Ann Reed,64,10,4767.3415,2,3,3,Champions
Sung Chung,132,2,280.632,1,1,1,Lost
Sung Pak,80,10,4282.94,2,3,3,Champions
Sung Shariari,121,5,964.636,2,2,1,At-Risk
Susan Gilcrest,227,3,47.946,1,1,1,Lost
Susan MacKendrick,607,1,1043.041,1,1,1,Lost
Susan Pistek,71,6,3990.689,2,2,3,At-Risk
Susan Vittorini,3,8,1903.491,3,3,2,Champions
Suzanne McNair,26,12,5563.392,3,3,3,Champions
Sylvia Foulston,49,9,3336.535,2,3,3,Champions
Tamara Chand,400,5,19052.218,1,2,3,At-Risk
Tamara Dahlen,38,9,1434.5480000000002,3,3,1,At-Risk
Tamara Manning,104,8,2955.2259999999997,2,3,2,At-Risk
Tamara Willingham,65,7,5278.826,2,3,3,Champions
Tanja Norvell,91,7,3130.221,2,3,3,Champions
Ted Butterfield,120,5,1467.881,2,2,2,At-Risk
Ted Trevino,32,7,4915.602,3,3,3,Champions
Thais Sissman,358,2,4.833,1,1,1,Lost
Thea Hendricks,345,5,2422.824,1,2,2,At-Risk
Thea Hudgings,59,4,2942.772,2,1,2,At-Risk
Theone Pippenger,9,9,4454.0560000000005,3,3,3,Champions
Theresa Coyne,107,1,1038.26,2,1,1,Lost
Theresa Swint,505,6,2163.6240000000003,1,2,2,At-Risk
Thomas Boland,59,4,3589.296,2,1,3,At-Risk
Thomas Brumley,50,4,816.1740000000001,2,1,1,Lost
Thomas Seio,199,7,5371.09,1,3,3,At-Risk
Thomas Thornton,184,8,1427.0439999999999,1,3,1,At-Risk
Tiffany House,118,8,1022.201,2,3,1,At-Risk
Tim Brockman,350,7,1602.376,1,3,2,At-Risk
Tim Taslimi,407,3,439.5,1,1,1,Lost
Toby Braunhardt,584,6,2198.45,1,2,2,At-Risk
Toby Carlisle,28,8,4266.812,3,3,3,Champions
Toby Gnade,338,5,3058.372,1,2,2,At-Risk
Toby Ritter,194,5,675.9419999999999,1,2,1,Lost
Toby Swindell,227,5,974.7819999999999,1,2,1,Lost
Todd Boyes,147,5,834.328,1,2,1,Lost
Todd Sumrall,37,6,11891.751,3,2,3,Champions
Tom Ashbrook,70,4,14595.62,2,1,3,At-Risk
Tom Boeckenhauer,203,7,9133.99,1,3,3,At-Risk
Tom Prescott,105,5,5329.0048,2,2,3,At-Risk
Tom Stivers,173,5,2054.14,1,2,2,At-Risk
Tonja Turnell,13,7,5364.808,3,3,3,Champions
Tony Chapman,154,9,1244.976,1,3,1,At-Risk
Tony Molinari,131,3,1094.6779999999999,1,1,1,Lost
Tony Sayre,12,6,2243.274,3,2,2,At-Risk
Tracy Blumstein,108,9,4737.486,2,3,3,Champions
Tracy Collins,5,7,742.5580000000001,3,3,1,At-Risk
Tracy Hopkins,73,7,4234.0960000000005,2,3,3,Champions
Tracy Poddar,351,4,1936.6399999999999,1,1,2,Lost
Tracy Zic,36,4,1707.286,3,1,2,At-Risk
Troy Blackwell,286,5,1387.559,1,2,1,Lost
Troy Staebel,56,7,2820.424,2,3,2,At-Risk
Trudy Brown,31,9,2797.668,3,3,2,Champions
Trudy Glocke,115,4,2074.661,2,1,2,At-Risk
Trudy Schmidt,239,5,3368.094,1,2,3,At-Risk
Valerie Dominguez,582,6,6442.254,1,2,3,At-Risk
Valerie Mitchum,55,7,2454.866,2,3,2,At-Risk
Valerie Takahito,1001,2,1736.596,1,1,2,Lost
Vicky Freymann,14,5,847.944,3,2,1,At-Risk
Victor Preis,31,3,993.9019999999999,3,1,1,At-Risk
Victoria Brennan,55,6,2005.596,2,2,2,At-Risk
Victoria Pisteka,76,7,3360.526,2,3,3,Champions
Victoria Wilson,29,10,6134.0380000000005,3,3,3,Champions
Vivek Gonzalez,155,6,846.01,1,2,1,Lost
Vivek Grady,287,5,427.372,1,2,1,Lost
Vivek Sundaresam,222,4,1055.981,1,1,1,Lost
Vivian Mathis,118,5,380.69,2,2,1,At-Risk
William Brown,21,11,6160.102,3,3,3,Champions
Xylona Preis,44,11,2374.658,2,3,2,At-Risk
Yana Sorensen,10,8,6720.4439999999995,3,3,3,Champions
Yoseph Carroll,5,5,5454.35,3,2,3,Champions
Zuschuss Carroll,55,13,8025.707,2,3,3,Champions
Zuschuss Donatelli,203,5,1493.944,1,2,2,At-Risk
